description,category
Spotify subscription,Entertainment
Local market,Groceries
Exam registration,Education
Medical checkup,Healthcare
Crossfit gym,Fitness
Hospital bill,Healthcare
Clinic visit,Healthcare
Bolt ride,Transport
Ebay purchase,Shopping
Food delivery app,Food & Drink
Hulu subscription,Entertainment
Health insurance,Healthcare
Gas station,Transport
Optician visit,Healthcare
Car service,Transport
Coffee shop,Food & Drink
Health insurance,Healthcare
Zara store,Shopping
McDonald's meal,Food & Drink
Pizza hut,Food & Drink
Gym membership,Fitness
Tuition payment,Education
Food delivery app,Food & Drink
Coffee shop,Food & Drink
Electronics store,Shopping
Domino's pizza,Food & Drink
Clinic visit,Healthcare
Bus ticket,Transport
Supermarket,Groceries
Subway meal,Food & Drink
Crossfit gym,Fitness
Clothing store,Shopping
Martial arts class,Fitness
Exam registration,Education
Swimming pool,Fitness
Domino's pizza,Food & Drink
E-learning subscription,Education
Walmart groceries,Groceries
McDonald's meal,Food & Drink
Whole Foods,Groceries
Workshop fee,Education
Netflix subscription,Entertainment
Martial arts class,Fitness
Local bakery,Food & Drink
Taxi ride,Transport
Cinema ticket,Entertainment
Local market,Groceries
Clinic visit,Healthcare
Tuition payment,Education
Domino's pizza,Food & Drink
Apple store,Shopping
Clothing store,Shopping
Doctor visit,Healthcare
Train ticket,Transport
Food delivery app,Food & Drink
Medicine purchase,Healthcare
Supermarket,Groceries
School books,Education
Clinic visit,Healthcare
Target store,Shopping
Clothing store,Shopping
Course materials,Education
Course materials,Education
Therapy session,Healthcare
Taxi ride,Transport
Trader Joe's,Groceries
Farmers market,Groceries
Bus ticket,Transport
Disney+ subscription,Entertainment
Spotify subscription,Entertainment
Streaming service subscription,Entertainment
Disney+ subscription,Entertainment
Doctor visit,Healthcare
Supermarket,Groceries
Cinema ticket,Entertainment
Pilates class,Fitness
Gas station,Transport
Course materials,Education
Target store,Shopping
Concert ticket,Entertainment
Bolt ride,Transport
Local bakery,Food & Drink
Crossfit gym,Fitness
Yoga retreat,Fitness
Cinema ticket,Entertainment
Martial arts class,Fitness
Cycling class,Fitness
Metro card,Transport
Swimming pool,Fitness
Hulu subscription,Entertainment
Concert ticket,Entertainment
Crossfit gym,Fitness
Trader Joe's,Groceries
Electronics store,Shopping
Amazon purchase,Shopping
Local bakery,Food & Drink
Pizza hut,Food & Drink
H&M store,Shopping
Martial arts class,Fitness
Bolt ride,Transport
Medicine purchase,Healthcare
Amazon purchase,Shopping
Crossfit gym,Fitness
Yoga retreat,Fitness
Domino's pizza,Food & Drink
Farmers market,Groceries
Bike rental,Transport
Online grocery,Groceries
School books,Education
Video game purchase,Entertainment
Pizza hut,Food & Drink
Target store,Shopping
Gas station,Transport
Optician visit,Healthcare
Yoga retreat,Fitness
Flight ticket,Transport
Target store,Shopping
KFC meal,Food & Drink
Online grocery,Groceries
Concert ticket,Entertainment
Subway meal,Food & Drink
Trader Joe's,Groceries
Farmers market,Groceries
Medical checkup,Healthcare
KFC meal,Food & Drink
Adidas store,Shopping
Therapy session,Healthcare
Online shopping,Shopping
Movie theater,Entertainment
Movie theater,Entertainment
Spotify subscription,Entertainment
Clinic visit,Healthcare
H&M store,Shopping
Starbucks coffee,Food & Drink
Spotify subscription,Entertainment
McDonald's meal,Food & Drink
Course materials,Education
Pizza hut,Food & Drink
Fresh market,Groceries
Tuition payment,Education
Flight ticket,Transport
Target store,Shopping
Spotify subscription,Entertainment
Yoga retreat,Fitness
Medicine purchase,Healthcare
E-learning subscription,Education
Grocery store,Groceries
Course materials,Education
Concert ticket,Entertainment
Online grocery,Groceries
Clinic visit,Healthcare
Swimming pool,Fitness
Farmers market,Groceries
Cinema ticket,Entertainment
Martial arts class,Fitness
Hospital bill,Healthcare
Domino's pizza,Food & Drink
Food delivery app,Food & Drink
McDonald's meal,Food & Drink
Medicine purchase,Healthcare
Disney+ subscription,Entertainment
Swimming pool,Fitness
Electronics store,Shopping
Zara store,Shopping
Starbucks coffee,Food & Drink
Target store,Shopping
Fresh market,Groceries
Costco groceries,Groceries
Uber ride,Transport
Crossfit gym,Fitness
Ebay purchase,Shopping
Amusement park,Entertainment
Seminar fee,Education
Yoga retreat,Fitness
Hulu subscription,Entertainment
Flight ticket,Transport
Farmers market,Groceries
Clinic visit,Healthcare
McDonald's meal,Food & Drink
Amazon purchase,Shopping
Food delivery app,Food & Drink
Online grocery,Groceries
Course materials,Education
Food delivery app,Food & Drink
Concert ticket,Entertainment
Streaming service subscription,Entertainment
Flight ticket,Transport
Cinema ticket,Entertainment
Yoga class,Fitness
Online shopping,Shopping
H&M store,Shopping
Bolt ride,Transport
Amazon purchase,Shopping
Hospital bill,Healthcare
Fresh market,Groceries
Trader Joe's,Groceries
E-learning subscription,Education
Amusement park,Entertainment
Target store,Shopping
Workshop fee,Education
Swimming pool,Fitness
Uber ride,Transport
Hulu subscription,Entertainment
Online grocery,Groceries
Uber ride,Transport
E-learning subscription,Education
Domino's pizza,Food & Drink
Target store,Shopping
Domino's pizza,Food & Drink
School books,Education
Martial arts class,Fitness
Swimming pool,Fitness
Apple store,Shopping
Domino's pizza,Food & Drink
Crossfit gym,Fitness
Swimming pool,Fitness
Local bakery,Food & Drink
Hospital bill,Healthcare
Metro card,Transport
Fresh market,Groceries
